{"cameraMode":{"drawMode":0,"name":"Shaded","section":"Shading Mode"},"sceneLighting":true,"audioPlay":false,"sceneViewState":{"showFog":true,"showMaterialUpdate":false,"showSkybox":true,"showFlares":true,"showImageEffects":true,"showParticleSystems":true},"in2DMode":false,"pivot":{"x":69.0725326538086,"y":5.783905506134033,"z":-5.777822017669678},"rotation":{"x":0.3410368263721466,"y":0.004380380734801292,"z":0.0006842962466180325,"w":-0.9400560259819031},"size":12.400729179382325,"orthographic":false}