{"cameraMode":{"drawMode":0,"name":"Shaded","section":"Shading Mode"},"sceneLighting":true,"audioPlay":false,"sceneViewState":{"showFog":true,"showMaterialUpdate":false,"showSkybox":true,"showFlares":true,"showImageEffects":true,"showParticleSystems":true},"in2DMode":false,"pivot":{"x":0.6510347127914429,"y":1.12343168258667,"z":-3.1502277851104738},"rotation":{"x":0.0038931737653911115,"y":-0.9833625555038452,"z":0.021242916584014894,"w":0.18046875298023225},"size":1.6153764724731446,"orthographic":false}