{"cameraMode":{"drawMode":0,"name":"Shaded","section":"Shading Mode"},"sceneLighting":true,"audioPlay":false,"sceneViewState":{"showFog":true,"showMaterialUpdate":false,"showSkybox":true,"showFlares":true,"showImageEffects":true,"showParticleSystems":true},"in2DMode":false,"pivot":{"x":1.9807941913604737,"y":2.2271347045898439,"z":-3.6790952682495119},"rotation":{"x":-0.1886131465435028,"y":0.15800833702087403,"z":-0.030855318531394006,"w":-0.9687955975532532},"size":1.5030372142791749,"orthographic":false}