{"cameraMode":{"drawMode":0,"name":"Shaded","section":"Shading Mode"},"sceneLighting":true,"audioPlay":false,"sceneViewState":{"showFog":true,"showMaterialUpdate":false,"showSkybox":true,"showFlares":true,"showImageEffects":true,"showParticleSystems":true},"in2DMode":false,"pivot":{"x":1.5901198387145997,"y":-1.044493556022644,"z":-4.452167510986328},"rotation":{"x":0.035772792994976047,"y":0.9615304470062256,"z":-0.16032889485359193,"w":0.2208048701286316},"size":26.72370147705078,"orthographic":false}