{"cameraMode":{"drawMode":0,"name":"Shaded","section":"Shading Mode"},"sceneLighting":true,"audioPlay":false,"sceneViewState":{"showFog":true,"showMaterialUpdate":false,"showSkybox":true,"showFlares":true,"showImageEffects":true,"showParticleSystems":true},"in2DMode":false,"pivot":{"x":0.5596872568130493,"y":1.4483771324157715,"z":14.9825439453125},"rotation":{"x":-0.03328671306371689,"y":0.9671272039413452,"z":-0.15693362057209016,"w":-0.19807952642440797},"size":27.999710083007814,"orthographic":false}