{"cameraMode":{"drawMode":0,"name":"Shaded","section":"Shading Mode"},"sceneLighting":true,"audioPlay":false,"sceneViewState":{"showFog":true,"showMaterialUpdate":false,"showSkybox":true,"showFlares":true,"showImageEffects":true,"showParticleSystems":true},"in2DMode":false,"pivot":{"x":-0.028132716193795205,"y":1.051239013671875,"z":-1.2040774822235108},"rotation":{"x":-0.016412124037742616,"y":0.983253538608551,"z":-0.14347007870674134,"w":-0.11198586970567703},"size":7.013212203979492,"orthographic":false}