{"cameraMode":{"drawMode":0,"name":"Shaded","section":"Shading Mode"},"sceneLighting":false,"audioPlay":false,"sceneViewState":{"showFog":true,"showMaterialUpdate":false,"showSkybox":false,"showFlares":true,"showImageEffects":true,"showParticleSystems":true},"in2DMode":false,"pivot":{"x":20.091999053955079,"y":40.07817077636719,"z":1.8702951669692994},"rotation":{"x":0.08299665153026581,"y":-0.2336570918560028,"z":-0.020069409161806108,"w":-0.9685896039009094},"size":0.252525269985199,"orthographic":false}