{"cameraMode":{"drawMode":0,"name":"Shaded","section":"Shading Mode"},"sceneLighting":false,"audioPlay":false,"sceneViewState":{"showFog":true,"showMaterialUpdate":false,"showSkybox":false,"showFlares":true,"showImageEffects":true,"showParticleSystems":true},"in2DMode":false,"pivot":{"x":2.2366538047790529,"y":1.448998212814331,"z":-2.572999954223633},"rotation":{"x":0.08299665153026581,"y":-0.2336570918560028,"z":-0.020069409161806108,"w":-0.9685896039009094},"size":1.2168530225753785,"orthographic":false}