{"cameraMode":{"drawMode":0,"name":"Shaded","section":"Shading Mode"},"sceneLighting":false,"audioPlay":false,"sceneViewState":{"showFog":true,"showMaterialUpdate":false,"showSkybox":false,"showFlares":true,"showImageEffects":true,"showParticleSystems":true},"in2DMode":false,"pivot":{"x":4.0638628005981449,"y":1.441993236541748,"z":-5.8433122634887699},"rotation":{"x":0.06592826545238495,"y":0.02273626998066902,"z":0.001458464772440493,"w":-0.9975908398628235},"size":0.7524625658988953,"orthographic":false}