{"cameraMode":{"drawMode":0,"name":"Shaded","section":"Shading Mode"},"sceneLighting":false,"audioPlay":false,"sceneViewState":{"showFog":true,"showMaterialUpdate":false,"showSkybox":false,"showFlares":true,"showImageEffects":true,"showParticleSystems":true},"in2DMode":false,"pivot":{"x":533.4961547851563,"y":407.6073303222656,"z":225.95912170410157},"rotation":{"x":0.04791662096977234,"y":-0.047641780227422717,"z":-0.002333245472982526,"w":-0.9977380633354187},"size":233.34524536132813,"orthographic":false}