{"cameraMode":{"drawMode":0,"name":"Shaded","section":"Shading Mode"},"sceneLighting":false,"audioPlay":false,"sceneViewState":{"showFog":true,"showMaterialUpdate":false,"showSkybox":false,"showFlares":true,"showImageEffects":true,"showParticleSystems":true},"in2DMode":false,"pivot":{"x":0.28850090503692629,"y":1.6134450435638428,"z":-2.5010828971862795},"rotation":{"x":-0.1994091123342514,"y":-0.04968281090259552,"z":0.010083183646202088,"w":-0.9786311984062195},"size":0.47324851155281069,"orthographic":false}