{"cameraMode":{"drawMode":0,"name":"Shaded","section":"Shading Mode"},"sceneLighting":true,"audioPlay":false,"sceneViewState":{"showFog":true,"showMaterialUpdate":false,"showSkybox":true,"showFlares":true,"showImageEffects":true,"showParticleSystems":true},"in2DMode":false,"pivot":{"x":-1.5867133140563965,"y":4.120691299438477,"z":20.784557342529298},"rotation":{"x":0.0019902600906789304,"y":-0.9976566433906555,"z":0.059940699487924579,"w":0.0332556888461113},"size":7.255091190338135,"orthographic":false}