{"cameraMode":{"drawMode":0,"name":"Shaded","section":"Shading Mode"},"sceneLighting":true,"audioPlay":false,"sceneViewState":{"showFog":true,"showMaterialUpdate":false,"showSkybox":true,"showFlares":true,"showImageEffects":true,"showParticleSystems":true},"in2DMode":false,"pivot":{"x":5.914005756378174,"y":1.1428898572921754,"z":13.435867309570313},"rotation":{"x":0.004046004731208086,"y":-0.9203842878341675,"z":-0.009678986854851246,"w":-0.3909567892551422},"size":7.737032890319824,"orthographic":false}