{"cameraMode":{"drawMode":0,"name":"Shaded","section":"Shading Mode"},"sceneLighting":false,"audioPlay":false,"sceneViewState":{"showFog":true,"showMaterialUpdate":false,"showSkybox":false,"showFlares":true,"showImageEffects":true,"showParticleSystems":true},"in2DMode":false,"pivot":{"x":-0.004800243303179741,"y":-0.5931859612464905,"z":3.838008165359497},"rotation":{"x":0.08299665153026581,"y":-0.2336570918560028,"z":-0.020069409161806108,"w":-0.9685896039009094},"size":0.3069101572036743,"orthographic":false}