{"cameraMode":{"drawMode":0,"name":"Shaded","section":"Shading Mode"},"sceneLighting":false,"audioPlay":false,"sceneViewState":{"showFog":true,"showMaterialUpdate":false,"showSkybox":false,"showFlares":true,"showImageEffects":true,"showParticleSystems":true},"in2DMode":false,"pivot":{"x":19.0567569732666,"y":39.983734130859378,"z":1.923309564590454},"rotation":{"x":0.002302527893334627,"y":0.9846962690353394,"z":-0.17401057481765748,"w":0.012680337764322758},"size":0.7797853946685791,"orthographic":false}