{"cameraMode":{"drawMode":0,"name":"Shaded","section":"Shading Mode"},"sceneLighting":true,"audioPlay":false,"sceneViewState":{"showFog":false,"showMaterialUpdate":false,"showSkybox":false,"showFlares":false,"showImageEffects":false,"showParticleSystems":false},"in2DMode":false,"pivot":{"x":12.353065490722657,"y":6.651033878326416,"z":95.0644302368164},"rotation":{"x":-0.008748010732233525,"y":-0.9854920506477356,"z":0.05327123776078224,"w":-0.16105489432811738},"size":56.817413330078128,"orthographic":false}