{"cameraMode":{"drawMode":0,"name":"Shaded","section":"Shading Mode"},"sceneLighting":true,"audioPlay":false,"sceneViewState":{"showFog":false,"showMaterialUpdate":false,"showSkybox":false,"showFlares":false,"showImageEffects":false,"showParticleSystems":false},"in2DMode":false,"pivot":{"x":14.062518119812012,"y":-8.8845853805542,"z":83.84121704101563},"rotation":{"x":-0.02078540436923504,"y":-0.9785642027854919,"z":0.16264872252941132,"w":-0.12484283000230789},"size":50.471229553222659,"orthographic":false}