{"cameraMode":{"drawMode":0,"name":"Shaded","section":"Shading Mode"},"sceneLighting":true,"audioPlay":false,"sceneViewState":{"showFog":false,"showMaterialUpdate":false,"showSkybox":false,"showFlares":false,"showImageEffects":false,"showParticleSystems":false},"in2DMode":false,"pivot":{"x":13.813217163085938,"y":-10.489082336425782,"z":7.871037483215332},"rotation":{"x":-0.18848612904548646,"y":-0.7669042348861694,"z":0.26010701060295107,"w":-0.5556291937828064},"size":38.289188385009769,"orthographic":false}