{"cameraMode":{"drawMode":0,"name":"Shaded","section":"Shading Mode"},"sceneLighting":true,"audioPlay":false,"sceneViewState":{"showFog":false,"showMaterialUpdate":false,"showSkybox":false,"showFlares":false,"showImageEffects":false,"showParticleSystems":false},"in2DMode":false,"pivot":{"x":0.2747035324573517,"y":5.1182942390441898,"z":115.3542709350586},"rotation":{"x":-0.02543742023408413,"y":-0.9724408388137817,"z":0.1276327520608902,"w":-0.19357413053512574},"size":13.932195663452149,"orthographic":false}