{"cameraMode":{"drawMode":0,"name":"Shaded","section":"Shading Mode"},"sceneLighting":true,"audioPlay":false,"sceneViewState":{"showFog":false,"showMaterialUpdate":false,"showSkybox":false,"showFlares":false,"showImageEffects":false,"showParticleSystems":false},"in2DMode":false,"pivot":{"x":-4.630354404449463,"y":-10.973234176635743,"z":40.657493591308597},"rotation":{"x":0.012207376770675183,"y":-0.9731006026268005,"z":0.22396054863929749,"w":0.05319405347108841},"size":50.471229553222659,"orthographic":false}