{"cameraMode":{"drawMode":0,"name":"Shaded","section":"Shading Mode"},"sceneLighting":true,"audioPlay":false,"sceneViewState":{"showFog":false,"showMaterialUpdate":false,"showSkybox":false,"showFlares":false,"showImageEffects":false,"showParticleSystems":false},"in2DMode":false,"pivot":{"x":-0.99342942237854,"y":0.5271438360214233,"z":-3.279223918914795},"rotation":{"x":0.1202155202627182,"y":-0.7734828591346741,"z":0.15422572195529939,"w":0.6029165983200073},"size":4.3545613288879398,"orthographic":false}