{"cameraMode":{"drawMode":0,"name":"Shaded","section":"Shading Mode"},"sceneLighting":true,"audioPlay":false,"sceneViewState":{"showFog":false,"showMaterialUpdate":false,"showSkybox":false,"showFlares":false,"showImageEffects":false,"showParticleSystems":false},"in2DMode":false,"pivot":{"x":4.553774833679199,"y":0.9307420253753662,"z":2.1896705627441408},"rotation":{"x":0.10257285833358765,"y":0.3814389407634735,"z":-0.042609479278326038,"w":0.9177113771438599},"size":17.563426971435548,"orthographic":false}