{"cameraMode":{"drawMode":0,"name":"Shaded","section":"Shading Mode"},"sceneLighting":true,"audioPlay":false,"sceneViewState":{"showFog":true,"showMaterialUpdate":false,"showSkybox":true,"showFlares":true,"showImageEffects":true,"showParticleSystems":true},"in2DMode":false,"pivot":{"x":5.758666038513184,"y":-1.2650071382522584,"z":3.7858996391296388},"rotation":{"x":-0.32112908363342287,"y":-0.3712007999420166,"z":0.13858212530612946,"w":-0.8601630926132202},"size":14.317607879638672,"orthographic":false}