{"cameraMode":{"drawMode":0,"name":"Shaded","section":"Shading Mode"},"sceneLighting":true,"audioPlay":false,"sceneViewState":{"showFog":true,"showMaterialUpdate":false,"showSkybox":true,"showFlares":true,"showImageEffects":true,"showParticleSystems":true},"in2DMode":false,"pivot":{"x":-10.682173728942871,"y":-2.096953868865967,"z":-2.9514880180358888},"rotation":{"x":-0.11473606526851654,"y":0.8441776633262634,"z":-0.20016419887542725,"w":-0.48390254378318789},"size":16.181156158447267,"orthographic":false}