{"cameraMode":{"drawMode":0,"name":"Shaded","section":"Shading Mode"},"sceneLighting":true,"audioPlay":false,"sceneViewState":{"showFog":true,"showMaterialUpdate":false,"showSkybox":true,"showFlares":true,"showImageEffects":true,"showParticleSystems":true},"in2DMode":false,"pivot":{"x":-22.06707000732422,"y":-1.1224660873413087,"z":-2.5751795768737795},"rotation":{"x":-0.1077149361371994,"y":0.8910488486289978,"z":-0.33571159839630129,"w":-0.2859187424182892},"size":39.00733184814453,"orthographic":false}