{"cameraMode":{"drawMode":0,"name":"Shaded","section":"Shading Mode"},"sceneLighting":true,"audioPlay":false,"sceneViewState":{"showFog":true,"showMaterialUpdate":false,"showSkybox":true,"showFlares":true,"showImageEffects":true,"showParticleSystems":true},"in2DMode":false,"pivot":{"x":-23.102802276611329,"y":0.5190123915672302,"z":-1.5914194583892823},"rotation":{"x":-0.11192374676465988,"y":0.7059052586555481,"z":-0.11450628936290741,"w":-0.6899906992912293},"size":6.294052600860596,"orthographic":false}