{"cameraMode":{"drawMode":0,"name":"Shaded","section":"Shading Mode"},"sceneLighting":true,"audioPlay":false,"sceneViewState":{"showFog":true,"showMaterialUpdate":false,"showSkybox":true,"showFlares":true,"showImageEffects":true,"showParticleSystems":true},"in2DMode":false,"pivot":{"x":0.10008148849010468,"y":7.954731464385986,"z":12.70872974395752},"rotation":{"x":-0.000010776755516417325,"y":-1.0000112056732178,"z":0.0051102954894304279,"w":-0.0009087227517738938},"size":22.0,"orthographic":false}