{"cameraMode":{"drawMode":0,"name":"Shaded","section":"Shading Mode"},"sceneLighting":true,"audioPlay":false,"sceneViewState":{"showFog":true,"showMaterialUpdate":false,"showSkybox":true,"showFlares":true,"showImageEffects":true,"showParticleSystems":true},"in2DMode":false,"pivot":{"x":0.12539902329444886,"y":5.287843227386475,"z":22.747608184814454},"rotation":{"x":0.0022680198308080436,"y":-0.9975768327713013,"z":0.057233456522226337,"w":0.039531074464321139},"size":5.759570598602295,"orthographic":false}