{"cameraMode":{"drawMode":0,"name":"Shaded","section":"Shading Mode"},"sceneLighting":false,"audioPlay":false,"sceneViewState":{"showFog":true,"showMaterialUpdate":false,"showSkybox":false,"showFlares":true,"showImageEffects":true,"showParticleSystems":true},"in2DMode":false,"pivot":{"x":-0.5199999809265137,"y":7.385898113250732,"z":-6.23303747177124},"rotation":{"x":-0.4620080888271332,"y":0.17244529724121095,"z":-0.09211309999227524,"w":-0.8651206493377686},"size":2.8578836917877199,"orthographic":false}