{"cameraMode":{"drawMode":0,"name":"Shaded","section":"Shading Mode"},"sceneLighting":true,"audioPlay":false,"sceneViewState":{"showFog":true,"showMaterialUpdate":false,"showSkybox":true,"showFlares":true,"showImageEffects":true,"showParticleSystems":true},"in2DMode":false,"pivot":{"x":0.9106979370117188,"y":1.510716438293457,"z":1.1961058378219605},"rotation":{"x":-0.2206849306821823,"y":0.6787250638008118,"z":-0.22590743005275727,"w":-0.6630257964134216},"size":10.36095142364502,"orthographic":false}