{"cameraMode":{"drawMode":0,"name":"Shaded","section":"Shading Mode"},"sceneLighting":true,"audioPlay":false,"sceneViewState":{"showFog":true,"showMaterialUpdate":false,"showSkybox":true,"showFlares":true,"showImageEffects":true,"showParticleSystems":true},"in2DMode":false,"pivot":{"x":0.3554852604866028,"y":-0.7131250500679016,"z":0.8040660619735718},"rotation":{"x":-0.0947231575846672,"y":-0.8864253163337708,"z":0.2087809145450592,"w":-0.40222638845443728},"size":2.308879852294922,"orthographic":false}