{"cameraMode":{"drawMode":0,"name":"Shaded","section":"Shading Mode"},"sceneLighting":false,"audioPlay":false,"sceneViewState":{"showFog":true,"showMaterialUpdate":false,"showSkybox":false,"showFlares":true,"showImageEffects":true,"showParticleSystems":true},"in2DMode":false,"pivot":{"x":-2.833881378173828,"y":14.551891326904297,"z":20.278545379638673},"rotation":{"x":-0.1594170480966568,"y":0.6150654554367065,"z":-0.12878718972206117,"w":-0.7613834738731384},"size":150.17010498046876,"orthographic":true}