{"cameraMode":{"drawMode":0,"name":"Shaded","section":"Shading Mode"},"sceneLighting":true,"audioPlay":false,"sceneViewState":{"showFog":true,"showMaterialUpdate":false,"showSkybox":true,"showFlares":true,"showImageEffects":true,"showParticleSystems":true},"in2DMode":false,"pivot":{"x":2.547316074371338,"y":5.566060543060303,"z":18.891456604003908},"rotation":{"x":-0.01690308377146721,"y":0.6912643313407898,"z":-0.016178565099835397,"w":-0.7222273349761963},"size":18.032060623168947,"orthographic":true}