{"cameraMode":{"drawMode":0,"name":"Shaded","section":"Shading Mode"},"sceneLighting":true,"audioPlay":false,"sceneViewState":{"showFog":true,"showMaterialUpdate":false,"showSkybox":true,"showFlares":true,"showImageEffects":true,"showParticleSystems":true},"in2DMode":false,"pivot":{"x":1.5996465682983399,"y":1.1646530628204346,"z":0.6977744698524475},"rotation":{"x":0.2596186697483063,"y":-0.5468416810035706,"z":0.18329264223575593,"w":0.774609386920929},"size":11.177986145019532,"orthographic":true}