{"cameraMode":{"drawMode":0,"name":"Shaded","section":"Shading Mode"},"sceneLighting":true,"audioPlay":false,"sceneViewState":{"showFog":true,"showMaterialUpdate":false,"showSkybox":true,"showFlares":true,"showImageEffects":true,"showParticleSystems":true},"in2DMode":false,"pivot":{"x":0.1730823516845703,"y":4.9930572509765629,"z":20.472875595092775},"rotation":{"x":-0.09836262464523316,"y":-0.8124197125434876,"z":0.143545001745224,"w":-0.556525707244873},"size":22.210477828979493,"orthographic":true}