{"cameraMode":{"drawMode":0,"name":"Shaded","section":"Shading Mode"},"sceneLighting":true,"audioPlay":false,"sceneViewState":{"showFog":true,"showMaterialUpdate":false,"showSkybox":true,"showFlares":true,"showImageEffects":true,"showParticleSystems":true},"in2DMode":false,"pivot":{"x":3.611079692840576,"y":1.4682822227478028,"z":3.880077362060547},"rotation":{"x":0.07362069934606552,"y":-0.6459338068962097,"z":0.06277747452259064,"w":0.7572731375694275},"size":0.20417600870132447,"orthographic":false}