{"cameraMode":{"drawMode":0,"name":"Shaded","section":"Shading Mode"},"sceneLighting":true,"audioPlay":false,"sceneViewState":{"showFog":true,"showMaterialUpdate":false,"showSkybox":true,"showFlares":true,"showImageEffects":true,"showParticleSystems":true},"in2DMode":false,"pivot":{"x":51.07125473022461,"y":7.189591884613037,"z":4.92096471786499},"rotation":{"x":0.24897272884845735,"y":-0.3221026659011841,"z":0.08821216225624085,"w":0.909110963344574},"size":23.225566864013673,"orthographic":false}