{"cameraMode":{"drawMode":0,"name":"Shaded","section":"Shading Mode"},"sceneLighting":true,"audioPlay":false,"sceneViewState":{"showFog":true,"showMaterialUpdate":false,"showSkybox":true,"showFlares":true,"showImageEffects":true,"showParticleSystems":true},"in2DMode":false,"pivot":{"x":-1.9480860233306885,"y":7.004577159881592,"z":16.141189575195314},"rotation":{"x":0.00019798579160124063,"y":0.9997918009757996,"z":0.011998054571449757,"w":-0.016498060896992685},"size":6.888171195983887,"orthographic":false}