{"cameraMode":{"drawMode":0,"name":"Shaded","section":"Shading Mode"},"sceneLighting":true,"audioPlay":false,"sceneViewState":{"showFog":true,"showMaterialUpdate":false,"showSkybox":true,"showFlares":true,"showImageEffects":true,"showParticleSystems":true},"in2DMode":false,"pivot":{"x":-0.53314208984375,"y":4.84716796875,"z":3.4248046875},"rotation":{"x":-0.01192458439618349,"y":-0.9598076343536377,"z":0.27745309472084048,"w":-0.041218146681785586},"size":5.920522212982178,"orthographic":true}