{"cameraMode":{"drawMode":0,"name":"Shaded","section":"Shading Mode"},"sceneLighting":false,"audioPlay":false,"sceneViewState":{"showFog":true,"showMaterialUpdate":false,"showSkybox":false,"showFlares":true,"showImageEffects":true,"showParticleSystems":true},"in2DMode":false,"pivot":{"x":-0.1225208044052124,"y":-0.5793594121932983,"z":3.8379995822906496},"rotation":{"x":-0.051279887557029727,"y":0.5029168725013733,"z":-0.029910694807767869,"w":-0.8623002767562866},"size":0.3201431632041931,"orthographic":true}