{"cameraMode":{"drawMode":0,"name":"Shaded","section":"Shading Mode"},"sceneLighting":true,"audioPlay":false,"sceneViewState":{"showFog":true,"showMaterialUpdate":false,"showSkybox":true,"showFlares":true,"showImageEffects":true,"showParticleSystems":true},"in2DMode":false,"pivot":{"x":26.502464294433595,"y":-4.976675510406494,"z":-6.807390213012695},"rotation":{"x":0.2629643380641937,"y":0.06450631469488144,"z":-0.017609728500247,"w":0.9625002145767212},"size":19.28351593017578,"orthographic":false}