{"cameraMode":{"drawMode":0,"name":"Shaded","section":"Shading Mode"},"sceneLighting":true,"audioPlay":false,"sceneViewState":{"showFog":true,"showMaterialUpdate":false,"showSkybox":true,"showFlares":true,"showImageEffects":true,"showParticleSystems":true},"in2DMode":false,"pivot":{"x":8.951148986816407,"y":-0.3881645202636719,"z":-15.71915054321289},"rotation":{"x":-0.13516990840435029,"y":0.8617203831672669,"z":-0.30415311455726626,"w":-0.38296064734458926},"size":46.314247131347659,"orthographic":false}