{"cameraMode":{"drawMode":0,"name":"Shaded","section":"Shading Mode"},"sceneLighting":true,"audioPlay":false,"sceneViewState":{"showFog":true,"showMaterialUpdate":false,"showSkybox":true,"showFlares":true,"showImageEffects":true,"showParticleSystems":true},"in2DMode":false,"pivot":{"x":61.60331344604492,"y":219.07342529296876,"z":21.424854278564454},"rotation":{"x":0.029969729483127595,"y":-0.048548903316259387,"z":0.001457827165722847,"w":0.9983740448951721},"size":257.4765625,"orthographic":false}