{"cameraMode":{"drawMode":0,"name":"Shaded","section":"Shading Mode"},"sceneLighting":true,"audioPlay":false,"sceneViewState":{"showFog":true,"showMaterialUpdate":false,"showSkybox":true,"showFlares":true,"showImageEffects":true,"showParticleSystems":true},"in2DMode":false,"pivot":{"x":-0.6603553295135498,"y":-4.576000690460205,"z":-7.168926239013672},"rotation":{"x":-0.07151518762111664,"y":0.8853251338005066,"z":-0.4358903169631958,"w":-0.14524829387664796},"size":8.636127471923829,"orthographic":false}