{"cameraMode":{"drawMode":0,"name":"Shaded","section":"Shading Mode"},"sceneLighting":true,"audioPlay":false,"sceneViewState":{"showFog":true,"showMaterialUpdate":false,"showSkybox":true,"showFlares":true,"showImageEffects":true,"showParticleSystems":true},"in2DMode":false,"pivot":{"x":-3.7657337188720705,"y":-13.794260025024414,"z":-236.00442504882813},"rotation":{"x":0.00044266085023991764,"y":-0.9991080164909363,"z":0.041095584630966189,"w":0.010797243565320969},"size":271.7025146484375,"orthographic":false}