{"cameraMode":{"drawMode":0,"name":"Shaded","section":"Shading Mode"},"sceneLighting":true,"audioPlay":false,"sceneViewState":{"showFog":true,"showMaterialUpdate":false,"showSkybox":true,"showFlares":true,"showImageEffects":true,"showParticleSystems":true},"in2DMode":false,"pivot":{"x":-1.6395206451416016,"y":-8.446664810180664,"z":1.8773596286773682},"rotation":{"x":-0.40090620517730715,"y":0.5253719687461853,"z":-0.3076917231082916,"w":-0.6845395565032959},"size":20.809528350830079,"orthographic":false}