{"cameraMode":{"drawMode":0,"name":"Shaded","section":"Shading Mode"},"sceneLighting":false,"audioPlay":false,"sceneViewState":{"showFog":true,"showMaterialUpdate":false,"showSkybox":false,"showFlares":true,"showImageEffects":true,"showParticleSystems":true},"in2DMode":false,"pivot":{"x":-1.607879877090454,"y":1.4851218461990357,"z":-1.687000036239624},"rotation":{"x":-0.017827115952968599,"y":-0.960015058517456,"z":0.27222469449043276,"w":-0.06286820769309998},"size":1.0410182476043702,"orthographic":false}