{"cameraMode":{"drawMode":0,"name":"Shaded","section":"Shading Mode"},"sceneLighting":false,"audioPlay":false,"sceneViewState":{"showFog":true,"showMaterialUpdate":false,"showSkybox":true,"showFlares":true,"showImageEffects":true,"showParticleSystems":true},"in2DMode":false,"pivot":{"x":-0.9395478367805481,"y":1.1643515825271607,"z":-6.229490756988525},"rotation":{"x":0.06490836292505264,"y":0.9240045547485352,"z":-0.33019527792930605,"w":0.18163789808750153},"size":5.5035223960876469,"orthographic":false}