{"cameraMode":{"drawMode":0,"name":"Shaded","section":"Shading Mode"},"sceneLighting":true,"audioPlay":false,"sceneViewState":{"showFog":true,"showMaterialUpdate":false,"showSkybox":true,"showFlares":true,"showImageEffects":true,"showParticleSystems":true},"in2DMode":false,"pivot":{"x":15.53890323638916,"y":2.471088409423828,"z":37.96729278564453},"rotation":{"x":-0.05631605163216591,"y":-0.6546300649642944,"z":0.048989541828632358,"w":-0.7522788047790527},"size":27.05391502380371,"orthographic":false}