{"cameraMode":{"drawMode":0,"name":"Shaded","section":"Shading Mode"},"sceneLighting":false,"audioPlay":false,"sceneViewState":{"showFog":true,"showMaterialUpdate":false,"showSkybox":false,"showFlares":true,"showImageEffects":true,"showParticleSystems":true},"in2DMode":false,"pivot":{"x":-0.8498231768608093,"y":-0.5375656485557556,"z":4.106479644775391},"rotation":{"x":-0.024640338495373727,"y":0.8402256965637207,"z":0.03833908215165138,"w":0.5403404831886292},"size":1.1164969205856324,"orthographic":false}