{"cameraMode":{"drawMode":0,"name":"Shaded","section":"Shading Mode"},"sceneLighting":false,"audioPlay":false,"sceneViewState":{"showFog":true,"showMaterialUpdate":false,"showSkybox":false,"showFlares":true,"showImageEffects":true,"showParticleSystems":true},"in2DMode":false,"pivot":{"x":2.005570650100708,"y":0.07227367907762528,"z":-4.655695915222168},"rotation":{"x":-0.00022453615383710712,"y":-0.9920297265052795,"z":0.1262754201889038,"w":-0.0014429871225729585},"size":0.6821526288986206,"orthographic":false}