{"cameraMode":{"drawMode":0,"name":"Shaded","section":"Shading Mode"},"sceneLighting":true,"audioPlay":false,"sceneViewState":{"showFog":true,"showMaterialUpdate":false,"showSkybox":true,"showFlares":true,"showImageEffects":true,"showParticleSystems":true},"in2DMode":false,"pivot":{"x":-186.5680389404297,"y":-129.53074645996095,"z":-351.8382263183594},"rotation":{"x":0.03849749267101288,"y":-0.9578381776809692,"z":0.1538987159729004,"w":0.23964132368564607},"size":424.6697998046875,"orthographic":false}