{"cameraMode":{"drawMode":0,"name":"Shaded","section":"Shading Mode"},"sceneLighting":true,"audioPlay":false,"sceneViewState":{"showFog":true,"showMaterialUpdate":false,"showSkybox":true,"showFlares":true,"showImageEffects":true,"showParticleSystems":true},"in2DMode":false,"pivot":{"x":-1.8796217441558838,"y":5.329887390136719,"z":22.274616241455079},"rotation":{"x":0.01399441808462143,"y":-0.9787319302558899,"z":0.07210204750299454,"w":0.19183625280857087},"size":7.800829887390137,"orthographic":false}