{"cameraMode":{"drawMode":0,"name":"Shaded","section":"Shading Mode"},"sceneLighting":false,"audioPlay":false,"sceneViewState":{"showFog":true,"showMaterialUpdate":false,"showSkybox":false,"showFlares":true,"showImageEffects":true,"showParticleSystems":true},"in2DMode":false,"pivot":{"x":0.035344939678907397,"y":0.8380000591278076,"z":-0.8270000219345093},"rotation":{"x":0.09032603353261948,"y":-0.8454655408859253,"z":0.15150395035743714,"w":0.5041086673736572},"size":-0.6805263757705689,"orthographic":false}