{"cameraMode":{"drawMode":0,"name":"Shaded","section":"Shading Mode"},"sceneLighting":true,"audioPlay":false,"sceneViewState":{"showFog":true,"showMaterialUpdate":false,"showSkybox":true,"showFlares":true,"showImageEffects":true,"showParticleSystems":true},"in2DMode":false,"pivot":{"x":-228.81829833984376,"y":-136.99427795410157,"z":-325.811279296875},"rotation":{"x":0.05106871575117111,"y":-0.9383347034454346,"z":0.15799283981323243,"w":0.30332544445991518},"size":424.6697998046875,"orthographic":false}