{"cameraMode":{"drawMode":0,"name":"Shaded","section":"Shading Mode"},"sceneLighting":true,"audioPlay":false,"sceneViewState":{"showFog":true,"showMaterialUpdate":false,"showSkybox":true,"showFlares":true,"showImageEffects":true,"showParticleSystems":true},"in2DMode":false,"pivot":{"x":6.21237325668335,"y":7.1613969802856449,"z":-10.740410804748536},"rotation":{"x":-0.0097550293430686,"y":-0.9904634356498718,"z":0.0944695696234703,"w":-0.10042522847652435},"size":7.2650837898254398,"orthographic":false}