{"cameraMode":{"drawMode":0,"name":"Shaded","section":"Shading Mode"},"sceneLighting":false,"audioPlay":false,"sceneViewState":{"showFog":true,"showMaterialUpdate":false,"showSkybox":false,"showFlares":true,"showImageEffects":true,"showParticleSystems":true},"in2DMode":false,"pivot":{"x":111.31938171386719,"y":60.048301696777347,"z":-70.76395416259766},"rotation":{"x":-0.05819980055093765,"y":-0.9388290643692017,"z":0.19713366031646729,"w":-0.27651503682136538},"size":0.8850007653236389,"orthographic":false}