{"cameraMode":{"drawMode":0,"name":"Shaded","section":"Shading Mode"},"sceneLighting":true,"audioPlay":false,"sceneViewState":{"showFog":true,"showMaterialUpdate":false,"showSkybox":true,"showFlares":true,"showImageEffects":true,"showParticleSystems":true},"in2DMode":false,"pivot":{"x":-0.22462846338748933,"y":5.452465534210205,"z":28.215072631835939},"rotation":{"x":-0.000917800993192941,"y":-0.9989269375801086,"z":-0.022470295429229738,"w":0.040769465267658237},"size":7.338274002075195,"orthographic":false}