{"cameraMode":{"drawMode":0,"name":"Shaded","section":"Shading Mode"},"sceneLighting":true,"audioPlay":false,"sceneViewState":{"showFog":true,"showMaterialUpdate":false,"showSkybox":true,"showFlares":true,"showImageEffects":true,"showParticleSystems":true},"in2DMode":false,"pivot":{"x":-5.109576225280762,"y":-3.1426045894622804,"z":-4.498685836791992},"rotation":{"x":-0.15570035576820374,"y":0.7993729710578919,"z":-0.23446565866470338,"w":-0.5308354496955872},"size":11.360755920410157,"orthographic":false}