{"cameraMode":{"drawMode":0,"name":"Shaded","section":"Shading Mode"},"sceneLighting":true,"audioPlay":false,"sceneViewState":{"showFog":true,"showMaterialUpdate":false,"showSkybox":true,"showFlares":true,"showImageEffects":true,"showParticleSystems":true},"in2DMode":false,"pivot":{"x":-7.5051188468933109,"y":6.8715314865112309,"z":30.258136749267579},"rotation":{"x":-0.17180846631526948,"y":-0.44864141941070559,"z":0.08833897113800049,"w":-0.8725898861885071},"size":8.083316802978516,"orthographic":false}