{"cameraMode":{"drawMode":0,"name":"Shaded","section":"Shading Mode"},"sceneLighting":true,"audioPlay":false,"sceneViewState":{"showFog":true,"showMaterialUpdate":false,"showSkybox":true,"showFlares":true,"showImageEffects":true,"showParticleSystems":true},"in2DMode":false,"pivot":{"x":-6.947612762451172,"y":-12.216678619384766,"z":-5.7647175788879398},"rotation":{"x":-0.04042587801814079,"y":0.8623551726341248,"z":-0.4998498558998108,"w":-0.06974238902330399},"size":30.148290634155275,"orthographic":false}