{"cameraMode":{"drawMode":0,"name":"Shaded","section":"Shading Mode"},"sceneLighting":true,"audioPlay":false,"sceneViewState":{"showFog":true,"showMaterialUpdate":false,"showSkybox":true,"showFlares":true,"showImageEffects":true,"showParticleSystems":true},"in2DMode":false,"pivot":{"x":-1.9878445863723755,"y":10.11478328704834,"z":4.853559494018555},"rotation":{"x":0.003589350963011384,"y":-0.023401373997330667,"z":-0.00008210087253246456,"w":-0.9997284412384033},"size":6.015767574310303,"orthographic":false}