{"cameraMode":{"drawMode":0,"name":"Shaded","section":"Shading Mode"},"sceneLighting":true,"audioPlay":false,"sceneViewState":{"showFog":true,"showMaterialUpdate":false,"showSkybox":true,"showFlares":true,"showImageEffects":true,"showParticleSystems":true},"in2DMode":false,"pivot":{"x":-7.816860198974609,"y":-0.9182941913604736,"z":0.8849086761474609},"rotation":{"x":-0.01911075972020626,"y":0.9709233641624451,"z":-0.22376354038715363,"w":-0.08292282372713089},"size":7.067546367645264,"orthographic":false}