{"cameraMode":{"drawMode":0,"name":"Shaded","section":"Shading Mode"},"sceneLighting":true,"audioPlay":false,"sceneViewState":{"showFog":true,"showMaterialUpdate":false,"showSkybox":true,"showFlares":true,"showImageEffects":true,"showParticleSystems":true},"in2DMode":false,"pivot":{"x":-2.872352123260498,"y":-1.9374480247497559,"z":-12.841584205627442},"rotation":{"x":0.024017278105020524,"y":-0.9757517576217651,"z":0.1645922213792801,"w":0.1423901468515396},"size":13.43043041229248,"orthographic":false}