{"cameraMode":{"drawMode":0,"name":"Shaded","section":"Shading Mode"},"sceneLighting":true,"audioPlay":false,"sceneViewState":{"showFog":true,"showMaterialUpdate":false,"showSkybox":true,"showFlares":true,"showImageEffects":true,"showParticleSystems":true},"in2DMode":false,"pivot":{"x":19.11589241027832,"y":-5.7227959632873539,"z":15.110520362854004},"rotation":{"x":-0.16505159437656403,"y":-0.39835578203201296,"z":0.07310755550861359,"w":-0.8993133902549744},"size":25.991291046142579,"orthographic":false}