{"cameraMode":{"drawMode":0,"name":"Shaded","section":"Shading Mode"},"sceneLighting":true,"audioPlay":false,"sceneViewState":{"showFog":true,"showMaterialUpdate":false,"showSkybox":true,"showFlares":true,"showImageEffects":true,"showParticleSystems":true},"in2DMode":false,"pivot":{"x":8.822684288024903,"y":-5.360358238220215,"z":-14.242732048034668},"rotation":{"x":0.03414919599890709,"y":0.9842847585678101,"z":-0.1484583169221878,"w":0.08934257924556732},"size":49.75120162963867,"orthographic":false}