{"cameraMode":{"drawMode":0,"name":"Shaded","section":"Shading Mode"},"sceneLighting":true,"audioPlay":false,"sceneViewState":{"showFog":true,"showMaterialUpdate":false,"showSkybox":true,"showFlares":true,"showImageEffects":true,"showParticleSystems":true},"in2DMode":false,"pivot":{"x":-0.7191786766052246,"y":-1.1531903743743897,"z":7.930541038513184},"rotation":{"x":0.13632330298423768,"y":0.5953645706176758,"z":-0.08837384730577469,"w":0.7868636846542358},"size":9.607610702514649,"orthographic":false}